{
  "timestamp": "2025-10-16 22:59:13",
  "ec2_instance_type": "r6gd.metal",
  "usd_per_hour": 3.686,
  "engine": "duckdb",
  "duckdb-version": "1.4.1",
  "mode": "parquet",
  "data_path": "/mnt/local-ssd/tpch-data/sf1000",
  "temp_dir": "/mnt/local-ssd/duckdb/temp",
  "iterations": 3,
  "memory_limit_mb": null,
  "threads": null,
  "1": [
    26.334465980529785,
    18.373883485794067,
    21.140135288238525
  ],
  "2": [
    8.484198808670044,
    11.150575399398804,
    11.18958854675293
  ],
  "3": [
    23.74686551094055,
    23.739214181900024,
    25.12041997909546
  ],
  "4": [
    15.129177808761597,
    18.908434867858887,
    21.476803302764893
  ],
  "5": [
    28.119763135910034,
    34.80937337875366,
    29.903501749038696
  ],
  "6": [
    14.717328548431396,
    9.204523086547852,
    8.677106857299805
  ],
  "7": [
    35.17321586608887,
    31.484373807907104,
    33.19339609146118
  ],
  "8": [
    53.578373432159424,
    50.96323919296265,
    53.74542284011841
  ],
  "9": [
    101.20498204231262,
    101.21131992340088,
    114.56102013587952
  ],
  "10": [
    41.95560598373413,
    37.69639492034912,
    34.249982595443726
  ],
  "11": [
    18.701828479766846,
    17.08573317527771,
    13.695843935012817
  ],
  "12": [
    30.51510453224182,
    22.65966820716858,
    24.94362235069275
  ],
  "13": [
    51.287893295288086,
    50.94492745399475,
    53.34414887428284
  ],
  "14": [
    27.47485065460205,
    28.061344146728516,
    23.94778537750244
  ],
  "15": [
    19.010377168655396,
    15.095948696136475,
    14.776783466339111
  ],
  "16": [
    19.928101062774658,
    18.326547861099243,
    16.741211891174316
  ],
  "17": [
    33.30839490890503,
    38.99716830253601,
    42.52153754234314
  ],
  "18": [
    80.87107014656067,
    76.13057112693787,
    81.33882713317871
  ],
  "19": [
    31.33718204498291,
    36.144407987594604,
    32.6899471282959
  ],
  "20": [
    38.19554162025452,
    49.70643448829651,
    29.750385761260986
  ],
  "21": [
    79.0413887500763,
    78.75963759422302,
    84.0176842212677
  ],
  "22": [
    30.059500694274902,
    26.034148693084717,
    22.30919361114502
  ]
}