{
  "ec2_instance_type": "r6gd.metal",
  "usd_per_hour": 3.686,
  "engine": "datafusion-cli",
  "datafusion-version": "datafusion-cli 50.2.0",
  "benchmark": "tpch",
  "data_path": "/mnt/local-ssd/tpch-data/sf1000",
  "query_path": "/mnt/local-ssd/datafusion/datafusion-benchmarks/tpch/queries",
  "iterations": 3,
  "prefer_hash_join": false,
  "mode": "parquet",
  "1": [
    52.10086131095886,
    51.90462017059326,
    51.78490138053894
  ],
  "2": [
    12.071067094802856,
    12.160592555999756,
    12.23693561553955
  ],
  "3": [
    24.501815795898438,
    24.545393466949463,
    24.646472930908203
  ],
  "4": [
    26.59661340713501,
    24.537856578826904,
    25.58317995071411
  ],
  "5": [
    41.67314958572388,
    41.85301089286804,
    41.77925682067871
  ],
  "6": [
    12.101094961166382,
    12.052001714706421,
    12.065686225891113
  ],
  "7": [
    82.25423645973206,
    79.71323561668396,
    81.23387575149536
  ],
  "8": [
    37.181713581085205,
    37.394779205322266,
    37.92141342163086
  ],
  "9": [
    68.5805127620697,
    67.96638989448547,
    68.67601203918457
  ],
  "10": [
    53.58593010902405,
    53.50177311897278,
    53.88656806945801
  ],
  "11": [
    11.838662385940552,
    12.098671674728394,
    11.881310939788818
  ],
  "12": [
    18.497560262680054,
    18.56526827812195,
    18.654298543930054
  ],
  "13": [
    30.64380168914795,
    31.4049289226532,
    30.760823965072632
  ],
  "14": [
    12.557670831680298,
    12.560927867889404,
    12.571393728256226
  ],
  "15": [
    22.226131200790405,
    22.213855743408203,
    22.275086879730225
  ],
  "16": [
    7.736467361450195,
    7.733015060424805,
    7.777986526489258
  ],
  "17": [
    78.32030320167542,
    78.77035713195801,
    78.71993923187256
  ],
  "18": [
    41.23198628425598,
    41.66380333900452,
    41.23183727264404
  ],
  "19": [
    19.849013328552246,
    19.943254947662354,
    19.88521099090576
  ],
  "20": [
    19.967448949813843,
    19.96228861808777,
    19.954042196273804
  ],
  "21": [
    115.74729466438293,
    115.17785668373108,
    114.92734408378601
  ],
  "22": [
    8.585649728775024,
    8.70065689086914,
    8.720415830612183
  ],
  "ec2_instance_type": "r6gd.metal"
}