{
  "ec2_instance_type": "r6gd.metal",
  "usd_per_hour": 3.686,
  "engine": "datafusion-cli",
  "datafusion-version": "datafusion-cli 50.2.0",
  "benchmark": "tpch",
  "data_path": "s3://embucket-testdata/tpch/1000",
  "query_path": "/mnt/local-ssd/datafusion/datafusion-benchmarks/tpch/queries",
  "iterations": 3,
  "prefer_hash_join": false,
  "mode": "parquet-s3",
  "1": [
    182.05061316490173,
    171.93361401557922,
    174.03475284576416
  ],
  "2": [
    76.00210475921631,
    80.43191194534302,
    96.22954440116882
  ],
  "3": [
    180.66851615905762,
    174.85173654556274,
    188.0251748561859
  ],
  "4": [
    165.31351971626282,
    146.82284212112427,
    156.1663773059845
  ],
  "5": [
    171.84353971481323,
    158.1319637298584,
    165.55271768569946
  ],
  "6": [
    109.51305651664734,
    104.90153670310974,
    104.15329599380493
  ],
  "7": [
    193.15996837615967,
    178.07164430618286,
    177.35442280769348
  ],
  "8": [
    188.64973640441895,
    182.70528030395508,
    183.73918557167053
  ],
  "9": [
    225.8884916305542,
    225.69193363189697,
    217.6741807460785
  ],
  "10": [
    157.9166259765625,
    157.3340766429901,
    154.54271626472473
  ],
  "11": [
    61.00743794441223,
    65.33955693244934,
    67.3021559715271
  ],
  "12": [
    145.9535505771637,
    151.71429824829102,
    150.3794949054718
  ],
  "13": [
    79.7440197467804,
    69.14991092681885,
    80.45442342758179
  ],
  "14": [
    110.71563696861267,
    107.16619539260864,
    106.14513731002808
  ],
  "15": [
    191.8495545387268,
    190.9114420413971,
    214.02315068244934
  ],
  "16": [
    46.81527805328369,
    46.99589204788208,
    50.58613681793213
  ],
  "17": [
    183.11219429969788,
    181.00997948646545,
    201.56142902374268
  ],
  "18": [
    170.39073824882507,
    172.95081686973572,
    189.41350102424622
  ],
  "19": [
    126.25299310684204,
    125.81352591514587,
    145.006689786911
  ],
  "20": [
    127.45271015167236,
    130.9088258743286,
    145.55284762382507
  ],
  "21": [
    466.3254532814026,
    432.2452971935272,
    455.48289608955383
  ],
  "22": [
    67.37456488609314,
    66.23640394210815,
    69.08116698265076
  ],
  "ec2_instance_type": "r6gd.metal"
}