{
  "timestamp": "2025-11-04 17:03:45",
  "ec2_instance_type": "r6gd.metal",
  "usd_per_hour": 3.686,
  "engine": "duckdb",
  "duckdb-version": "1.4.1",
  "mode": "parquet",
  "data_path": "/mnt/local-ssd/tpch-data/sf1000",
  "temp_dir": "/mnt/local-ssd/duckdb/temp",
  "iterations": 3,
  "memory_limit_mb": null,
  "threads": null,
  "1": [
    17.144293306,
    9.238434717,
    9.248573222
  ],
  "2": [
    4.234682362,
    2.682908267,
    2.679719431
  ],
  "3": [
    28.799154464,
    8.54477929,
    8.628019182
  ],
  "4": [
    22.072773782,
    7.473721313,
    8.650057615
  ],
  "5": [
    41.856221639,
    15.025295463,
    14.92565106
  ],
  "6": [
    16.508061496,
    4.491452683,
    4.535705395
  ],
  "7": [
    42.32407457,
    12.732764464,
    18.966176248
  ],
  "8": [
    37.769054044,
    25.46122822,
    17.846860307
  ],
  "9": [
    62.638863632,
    51.83709907,
    52.6926768
  ],
  "10": [
    35.180964715,
    15.71328233,
    21.978909473
  ],
  "11": [
    8.952065948,
    7.185329329,
    6.969054255
  ],
  "12": [
    26.759886009,
    13.609368966,
    11.445504861
  ],
  "13": [
    21.189777916,
    22.656724408,
    24.412321142
  ],
  "14": [
    35.725683297,
    13.025843655,
    11.444722054
  ],
  "15": [
    25.480658245,
    7.516543296,
    7.564002343
  ],
  "16": [
    14.546816666,
    9.081263537,
    8.903806741
  ],
  "17": [
    39.629370671,
    19.411969217,
    16.94015314
  ],
  "18": [
    45.342246358,
    35.751567237,
    37.980109098
  ],
  "19": [
    35.875938145,
    21.182542298,
    13.740259859
  ],
  "20": [
    32.205834983,
    15.7109966,
    17.658764413
  ],
  "21": [
    61.156857791,
    35.742498277,
    45.650137444
  ],
  "22": [
    16.671858332,
    16.172812239,
    15.290146029
  ]
}
