{
  "timestamp": "2025-10-16 22:27:59",
  "ec2_instance_type": "r6gd.metal",
  "usd_per_hour": 3.686,
  "engine": "duckdb",
  "duckdb-version": "1.4.1",
  "mode": "internal",
  "data_path": "/mnt/local-ssd/duckdb/tpch-sf1000.db",
  "temp_dir": "/mnt/local-ssd/duckdb/temp",
  "iterations": 3,
  "memory_limit_mb": null,
  "threads": null,
  "1": [
    25.624353170394897,
    8.287220001220703,
    8.430878639221191
  ],
  "2": [
    2.965384006500244,
    1.3605408668518066,
    1.7537331581115723
  ],
  "3": [
    14.785194396972656,
    9.588991403579712,
    9.352422952651978
  ],
  "4": [
    14.286105632781982,
    8.854698896408081,
    8.951581716537476
  ],
  "5": [
    10.61942982673645,
    9.616700887680054,
    10.02001142501831
  ],
  "6": [
    2.7793848514556885,
    2.163121223449707,
    2.104825496673584
  ],
  "7": [
    10.135100603103638,
    10.94410252571106,
    9.81569790840149
  ],
  "8": [
    10.30485987663269,
    9.53335976600647,
    9.855994701385498
  ],
  "9": [
    65.8237693309784,
    66.07356119155884,
    66.35550498962402
  ],
  "10": [
    20.89497423171997,
    22.231045961380005,
    21.87159752845764
  ],
  "11": [
    3.767742156982422,
    2.9113965034484863,
    2.8525900840759277
  ],
  "12": [
    6.434076547622681,
    6.51336669921875,
    6.857600927352905
  ],
  "13": [
    41.384684562683105,
    40.9544243812561,
    42.09818148612976
  ],
  "14": [
    10.235265970230103,
    6.889927387237549,
    7.219774484634399
  ],
  "15": [
    5.04973840713501,
    4.835266351699829,
    4.481344699859619
  ],
  "16": [
    6.765552043914795,
    6.249728679656982,
    6.270848512649536
  ],
  "17": [
    12.141363859176636,
    11.229443788528442,
    11.622127056121826
  ],
  "18": [
    38.94125843048096,
    38.46729588508606,
    38.133761167526245
  ],
  "19": [
    12.460800647735596,
    12.07817530632019,
    12.264610290527344
  ],
  "20": [
    8.193512678146362,
    7.686642408370972,
    7.653929233551025
  ],
  "21": [
    39.33675193786621,
    38.423502922058105,
    38.36068081855774
  ],
  "22": [
    7.111193895339966,
    7.201033592224121,
    6.780156850814819
  ]
}