{
  "timestamp": "2025-11-04 20:57:08",
  "usd_per_hour": 3.686,
  "engine": "duckdb",
  "duckdb-version": "1.4.1",
  "mode": "internal",
  "data_path": "/mnt/local-ssd/duckdb/tpch-sf1000.db",
  "temp_dir": "/mnt/local-ssd/duckdb/temp",
  "iterations": 3,
  "memory_limit_mb": null,
  "threads": null,
  "1": [
    13.770961057,
    4.046730746,
    4.058132539
  ],
  "2": [
    1.617333653,
    0.674433914,
    0.674047184
  ],
  "3": [
    6.035547076,
    4.565047531,
    4.760205789
  ],
  "4": [
    6.751883825,
    4.218478112,
    4.288595313
  ],
  "5": [
    5.475866506,
    4.735033135,
    4.521743194
  ],
  "6": [
    0.913531008,
    1.254673517,
    1.193978956
  ],
  "7": [
    4.723327608,
    5.546671138,
    4.997965887
  ],
  "8": [
    5.67515847,
    4.390426501,
    4.301518524
  ],
  "9": [
    33.636793123,
    33.329222035,
    33.203010598
  ],
  "10": [
    9.101608577,
    10.606988447,
    10.984648121
  ],
  "11": [
    1.937320324,
    2.06938126,
    1.636806574
  ],
  "12": [
    3.913616305,
    3.487763364,
    4.262058021
  ],
  "13": [
    18.918505897,
    21.1881176,
    20.204013183
  ],
  "14": [
    6.020667383,
    4.236103602,
    3.829122936
  ],
  "15": [
    2.721544503,
    2.88526032,
    2.47599542
  ],
  "16": [
    3.714157567,
    3.158511583,
    3.521257191
  ],
  "17": [
    6.894776008,
    6.546653477,
    6.527750085
  ],
  "18": [
    19.693653864,
    19.949335888,
    19.451796751
  ],
  "19": [
    6.376090654,
    6.296086523,
    6.334630806
  ],
  "20": [
    3.907855485,
    4.380114437,
    4.10367075
  ],
  "21": [
    19.555661816,
    18.732178554,
    18.84375507
  ],
  "22": [
    3.82119402,
    3.61328597,
    4.121278792
  ],
  "ec2_instance_type": "r6gd.metal"
}