{
  "timestamp": "2025-11-05 12:36:50",
  "engine": "duckdb",
  "usd_per_hour": 3.686,
  "duckdb-version": "1.4.1",
  "mode": "parquet-s3",
  "data_path": "s3://embucket-testdata/tpch/1000_partitioned",
  "temp_dir": "/mnt/local-ssd/duckdb/temp",
  "iterations": 3,
  "memory_limit_mb": null,
  "threads": null,
  "1": [
    45.417794885,
    8.741920441,
    8.746395539
  ],
  "2": [
    11.641702762,
    2.832057274,
    2.847642585
  ],
  "3": [
    32.289763592,
    7.965771215,
    8.024889117
  ],
  "4": [
    23.09890731,
    7.109730333,
    7.068350722
  ],
  "5": [
    24.916829798,
    8.659009796,
    8.698273541
  ],
  "6": [
    2.429740777,
    2.421748099,
    2.41550204
  ],
  "7": [
    10.001840124,
    9.687270997,
    9.518540097
  ],
  "8": [
    27.841183859,
    11.539985349,
    11.588351523
  ],
  "9": [
    42.482686133,
    44.337340559,
    43.416599687
  ],
  "10": [
    15.973511233,
    10.991131587,
    10.777661447
  ],
  "11": [
    4.79691355,
    2.115280236,
    2.103935005
  ],
  "12": [
    11.907190176,
    4.917772339,
    4.951686062
  ],
  "13": [
    29.248452638,
    22.25826372,
    22.235501428
  ],
  "14": [
    8.641280378,
    6.088090043,
    6.153064323
  ],
  "15": [
    5.193065912,
    5.31963667,
    5.30861941
  ],
  "16": [
    3.803378508,
    3.240208864,
    3.235318548
  ],
  "17": [
    9.327101349,
    8.624990049,
    8.612311561
  ],
  "18": [
    30.401258782,
    26.068871446,
    26.109409526
  ],
  "19": [
    13.220827682,
    7.651859258,
    7.68888786
  ],
  "20": [
    5.849806434,
    5.717601739,
    5.777734693
  ],
  "21": [
    59.780385265,
    28.08871857,
    28.221501714
  ],
  "22": [
    3.364000575,
    3.340086092,
    3.357226424
  ],
  "ec2_instance_type": "r6gd.metal"
}