{
  "timestamp": "2025-10-17 21:56:27",
  "engine": "duckdb",
  "duckdb-version": "1.4.1",
  "mode": "parquet-s3",
  "data_path": "s3://embucket-testdata/tpch/1000",
  "temp_dir": "/mnt/local-ssd/duckdb/temp",
  "iterations": 3,
  "memory_limit_mb": null,
  "threads": null,
  "1": [
    163.92967414855957,
    20.93455410003662,
    21.115047454833984
  ],
  "2": [
    52.69729804992676,
    8.259372472763062,
    8.25679636001587
  ],
  "3": [
    140.8184905052185,
    24.845195293426514,
    24.973996877670288
  ],
  "4": [
    109.22493433952332,
    20.47287154197693,
    20.941473960876465
  ],
  "5": [
    91.08873081207275,
    27.185620307922363,
    27.409510135650635
  ],
  "6": [
    11.294198513031006,
    11.153214454650879,
    11.277966737747192
  ],
  "7": [
    31.268069744110107,
    31.423821210861206,
    31.38999342918396
  ],
  "8": [
    88.56511855125427,
    33.437174558639526,
    34.33525252342224
  ],
  "9": [
    96.96283054351807,
    95.84363913536072,
    96.59256625175476
  ],
  "10": [
    42.4531729221344,
    30.32761311531067,
    30.11580467224121
  ],
  "11": [
    28.958921670913696,
    7.145301342010498,
    6.906745672225952
  ],
  "12": [
    66.78070592880249,
    16.886554956436157,
    17.218546867370605
  ],
  "13": [
    72.14059805870056,
    46.74606513977051,
    47.56031775474548
  ],
  "14": [
    21.88111925125122,
    18.846856117248535,
    19.055920362472534
  ],
  "15": [
    17.356032609939575,
    17.24652862548828,
    16.954345226287842
  ],
  "16": [
    11.001390218734741,
    9.012346744537354,
    8.214263916015625
  ],
  "17": [
    31.682363271713257,
    30.196619987487793,
    30.125842809677124
  ],
  "18": [
    83.92309236526489,
    61.930132150650024,
    62.01985287666321
  ],
  "19": [
    72.06053376197815,
    22.55559492111206,
    22.420589923858643
  ],
  "20": [
    23.377200841903687,
    22.148810863494873,
    22.03888773918152
  ],
  "21": [
    100.62216258049011,
    81.8806746006012,
    81.20353627204895
  ],
  "22": [
    10.597152948379517,
    9.859028816223145,
    9.902912378311157
  ],
  "ec2_instance_type": "r6gd.metal",
  "usd_per_hour": 3.686
}